"REF_DATE","GEO","DGUID","Labour force characteristics","Sex","Age group","Statistics","Data type","UOM","UOM_ID","SCALAR_FACTOR","SCALAR_ID","VECTOR","COORDINATE","VALUE","STATUS","SYMBOL","TERMINATED","DECIMALS"
"2020-01","Nova Scotia","2016A000212","Population","Both sexes","15 years and over","Estimate","Seasonally adjusted","Persons","249","thousands","3","v2063376","4.1.1.1.1.1","811.5","","","","1"
"2020-02","Nova Scotia","2016A000212","Population","Both sexes","15 years and over","Estimate","Seasonally adjusted","Persons","249","thousands","3","v2063376","4.1.1.1.1.1","811.8","","","","1"
"2020-03","Nova Scotia","2016A000212","Population","Both sexes","15 years and over","Estimate","Seasonally adjusted","Persons","249","thousands","3","v2063376","4.1.1.1.1.1","812.1","","","","1"
"2020-04","Nova Scotia","2016A000212","Population","Both sexes","15 years and over","Estimate","Seasonally adjusted","Persons","249","thousands","3","v2063376","4.1.1.1.1.1","812.2","","","","1"
"2020-05","Nova Scotia","2016A000212","Population","Both sexes","15 years and over","Estimate","Seasonally adjusted","Persons","249","thousands","3","v2063376","4.1.1.1.1.1","812.6","","","","1"
"2020-06","Nova Scotia","2016A000212","Population","Both sexes","15 years and over","Estimate","Seasonally adjusted","Persons","249","thousands","3","v2063376","4.1.1.1.1.1","813.5","","","","1"
"2020-07","Nova Scotia","2016A000212","Population","Both sexes","15 years and over","Estimate","Seasonally adjusted","Persons","249","thousands","3","v2063376","4.1.1.1.1.1","814.2","","","","1"
"2020-08","Nova Scotia","2016A000212","Population","Both sexes","15 years and over","Estimate","Seasonally adjusted","Persons","249","thousands","3","v2063376","4.1.1.1.1.1","815.0","","","","1"
"2020-09","Nova Scotia","2016A000212","Population","Both sexes","15 years and over","Estimate","Seasonally adjusted","Persons","249","thousands","3","v2063376","4.1.1.1.1.1","815.9","","","","1"
"2020-10","Nova Scotia","2016A000212","Population","Both sexes","15 years and over","Estimate","Seasonally adjusted","Persons","249","thousands","3","v2063376","4.1.1.1.1.1","816.5","","","","1"
"2020-11","Nova Scotia","2016A000212","Population","Both sexes","15 years and over","Estimate","Seasonally adjusted","Persons","249","thousands","3","v2063376","4.1.1.1.1.1","816.9","","","","1"
"2020-12","Nova Scotia","2016A000212","Population","Both sexes","15 years and over","Estimate","Seasonally adjusted","Persons","249","thousands","3","v2063376","4.1.1.1.1.1","817.0","","","","1"
"2021-01","Nova Scotia","2016A000212","Population","Both sexes","15 years and over","Estimate","Seasonally adjusted","Persons","249","thousands","3","v2063376","4.1.1.1.1.1","817.2","","","","1"
"2021-02","Nova Scotia","2016A000212","Population","Both sexes","15 years and over","Estimate","Seasonally adjusted","Persons","249","thousands","3","v2063376","4.1.1.1.1.1","817.4","","","","1"
"2021-03","Nova Scotia","2016A000212","Population","Both sexes","15 years and over","Estimate","Seasonally adjusted","Persons","249","thousands","3","v2063376","4.1.1.1.1.1","817.7","","","","1"
"2021-04","Nova Scotia","2016A000212","Population","Both sexes","15 years and over","Estimate","Seasonally adjusted","Persons","249","thousands","3","v2063376","4.1.1.1.1.1","818.0","","","","1"
"2021-05","Nova Scotia","2016A000212","Population","Both sexes","15 years and over","Estimate","Seasonally adjusted","Persons","249","thousands","3","v2063376","4.1.1.1.1.1","818.7","","","","1"
"2021-06","Nova Scotia","2016A000212","Population","Both sexes","15 years and over","Estimate","Seasonally adjusted","Persons","249","thousands","3","v2063376","4.1.1.1.1.1","819.7","","","","1"
"2021-07","Nova Scotia","2016A000212","Population","Both sexes","15 years and over","Estimate","Seasonally adjusted","Persons","249","thousands","3","v2063376","4.1.1.1.1.1","820.5","","","","1"
"2021-08","Nova Scotia","2016A000212","Population","Both sexes","15 years and over","Estimate","Seasonally adjusted","Persons","249","thousands","3","v2063376","4.1.1.1.1.1","822.3","","","","1"
"2021-09","Nova Scotia","2016A000212","Population","Both sexes","15 years and over","Estimate","Seasonally adjusted","Persons","249","thousands","3","v2063376","4.1.1.1.1.1","824.0","","","","1"
"2021-10","Nova Scotia","2016A000212","Population","Both sexes","15 years and over","Estimate","Seasonally adjusted","Persons","249","thousands","3","v2063376","4.1.1.1.1.1","825.3","","","","1"
"2021-11","Nova Scotia","2016A000212","Population","Both sexes","15 years and over","Estimate","Seasonally adjusted","Persons","249","thousands","3","v2063376","4.1.1.1.1.1","826.6","","","","1"
"2020-01","Nova Scotia","2016A000212","Labour force","Both sexes","15 years and over","Estimate","Seasonally adjusted","Persons","249","thousands","3","v2063377","4.2.1.1.1.1","502.0","","","","1"
"2020-02","Nova Scotia","2016A000212","Labour force","Both sexes","15 years and over","Estimate","Seasonally adjusted","Persons","249","thousands","3","v2063377","4.2.1.1.1.1","507.6","","","","1"
"2020-03","Nova Scotia","2016A000212","Labour force","Both sexes","15 years and over","Estimate","Seasonally adjusted","Persons","249","thousands","3","v2063377","4.2.1.1.1.1","486.5","","","","1"
"2020-04","Nova Scotia","2016A000212","Labour force","Both sexes","15 years and over","Estimate","Seasonally adjusted","Persons","249","thousands","3","v2063377","4.2.1.1.1.1","447.1","","","","1"
"2020-05","Nova Scotia","2016A000212","Labour force","Both sexes","15 years and over","Estimate","Seasonally adjusted","Persons","249","thousands","3","v2063377","4.2.1.1.1.1","462.8","","","","1"
"2020-06","Nova Scotia","2016A000212","Labour force","Both sexes","15 years and over","Estimate","Seasonally adjusted","Persons","249","thousands","3","v2063377","4.2.1.1.1.1","492.5","","","","1"
"2020-07","Nova Scotia","2016A000212","Labour force","Both sexes","15 years and over","Estimate","Seasonally adjusted","Persons","249","thousands","3","v2063377","4.2.1.1.1.1","484.5","","","","1"
"2020-08","Nova Scotia","2016A000212","Labour force","Both sexes","15 years and over","Estimate","Seasonally adjusted","Persons","249","thousands","3","v2063377","4.2.1.1.1.1","487.9","","","","1"
"2020-09","Nova Scotia","2016A000212","Labour force","Both sexes","15 years and over","Estimate","Seasonally adjusted","Persons","249","thousands","3","v2063377","4.2.1.1.1.1","487.5","","","","1"
"2020-10","Nova Scotia","2016A000212","Labour force","Both sexes","15 years and over","Estimate","Seasonally adjusted","Persons","249","thousands","3","v2063377","4.2.1.1.1.1","496.1","","","","1"
"2020-11","Nova Scotia","2016A000212","Labour force","Both sexes","15 years and over","Estimate","Seasonally adjusted","Persons","249","thousands","3","v2063377","4.2.1.1.1.1","495.7","","","","1"
"2020-12","Nova Scotia","2016A000212","Labour force","Both sexes","15 years and over","Estimate","Seasonally adjusted","Persons","249","thousands","3","v2063377","4.2.1.1.1.1","498.7","","","","1"
"2021-01","Nova Scotia","2016A000212","Labour force","Both sexes","15 years and over","Estimate","Seasonally adjusted","Persons","249","thousands","3","v2063377","4.2.1.1.1.1","504.8","","","","1"
"2021-02","Nova Scotia","2016A000212","Labour force","Both sexes","15 years and over","Estimate","Seasonally adjusted","Persons","249","thousands","3","v2063377","4.2.1.1.1.1","506.2","","","","1"
"2021-03","Nova Scotia","2016A000212","Labour force","Both sexes","15 years and over","Estimate","Seasonally adjusted","Persons","249","thousands","3","v2063377","4.2.1.1.1.1","510.7","","","","1"
"2021-04","Nova Scotia","2016A000212","Labour force","Both sexes","15 years and over","Estimate","Seasonally adjusted","Persons","249","thousands","3","v2063377","4.2.1.1.1.1","507.2","","","","1"
"2021-05","Nova Scotia","2016A000212","Labour force","Both sexes","15 years and over","Estimate","Seasonally adjusted","Persons","249","thousands","3","v2063377","4.2.1.1.1.1","492.1","","","","1"
"2021-06","Nova Scotia","2016A000212","Labour force","Both sexes","15 years and over","Estimate","Seasonally adjusted","Persons","249","thousands","3","v2063377","4.2.1.1.1.1","502.8","","","","1"
"2021-07","Nova Scotia","2016A000212","Labour force","Both sexes","15 years and over","Estimate","Seasonally adjusted","Persons","249","thousands","3","v2063377","4.2.1.1.1.1","503.3","","","","1"
"2021-08","Nova Scotia","2016A000212","Labour force","Both sexes","15 years and over","Estimate","Seasonally adjusted","Persons","249","thousands","3","v2063377","4.2.1.1.1.1","504.6","","","","1"
"2021-09","Nova Scotia","2016A000212","Labour force","Both sexes","15 years and over","Estimate","Seasonally adjusted","Persons","249","thousands","3","v2063377","4.2.1.1.1.1","507.2","","","","1"
"2021-10","Nova Scotia","2016A000212","Labour force","Both sexes","15 years and over","Estimate","Seasonally adjusted","Persons","249","thousands","3","v2063377","4.2.1.1.1.1","508.8","","","","1"
"2021-11","Nova Scotia","2016A000212","Labour force","Both sexes","15 years and over","Estimate","Seasonally adjusted","Persons","249","thousands","3","v2063377","4.2.1.1.1.1","512.1","","","","1"
"2020-01","Nova Scotia","2016A000212","Employment","Both sexes","15 years and over","Estimate","Seasonally adjusted","Persons","249","thousands","3","v2063378","4.3.1.1.1.1","463.9","","","","1"
"2020-02","Nova Scotia","2016A000212","Employment","Both sexes","15 years and over","Estimate","Seasonally adjusted","Persons","249","thousands","3","v2063378","4.3.1.1.1.1","467.0","","","","1"
"2020-03","Nova Scotia","2016A000212","Employment","Both sexes","15 years and over","Estimate","Seasonally adjusted","Persons","249","thousands","3","v2063378","4.3.1.1.1.1","440.8","","","","1"
"2020-04","Nova Scotia","2016A000212","Employment","Both sexes","15 years and over","Estimate","Seasonally adjusted","Persons","249","thousands","3","v2063378","4.3.1.1.1.1","392.0","","","","1"
"2020-05","Nova Scotia","2016A000212","Employment","Both sexes","15 years and over","Estimate","Seasonally adjusted","Persons","249","thousands","3","v2063378","4.3.1.1.1.1","400.4","","","","1"
"2020-06","Nova Scotia","2016A000212","Employment","Both sexes","15 years and over","Estimate","Seasonally adjusted","Persons","249","thousands","3","v2063378","4.3.1.1.1.1","426.8","","","","1"
"2020-07","Nova Scotia","2016A000212","Employment","Both sexes","15 years and over","Estimate","Seasonally adjusted","Persons","249","thousands","3","v2063378","4.3.1.1.1.1","432.0","","","","1"
"2020-08","Nova Scotia","2016A000212","Employment","Both sexes","15 years and over","Estimate","Seasonally adjusted","Persons","249","thousands","3","v2063378","4.3.1.1.1.1","437.6","","","","1"
"2020-09","Nova Scotia","2016A000212","Employment","Both sexes","15 years and over","Estimate","Seasonally adjusted","Persons","249","thousands","3","v2063378","4.3.1.1.1.1","448.0","","","","1"
"2020-10","Nova Scotia","2016A000212","Employment","Both sexes","15 years and over","Estimate","Seasonally adjusted","Persons","249","thousands","3","v2063378","4.3.1.1.1.1","451.5","","","","1"
"2020-11","Nova Scotia","2016A000212","Employment","Both sexes","15 years and over","Estimate","Seasonally adjusted","Persons","249","thousands","3","v2063378","4.3.1.1.1.1","462.7","","","","1"
"2020-12","Nova Scotia","2016A000212","Employment","Both sexes","15 years and over","Estimate","Seasonally adjusted","Persons","249","thousands","3","v2063378","4.3.1.1.1.1","454.9","","","","1"
"2021-01","Nova Scotia","2016A000212","Employment","Both sexes","15 years and over","Estimate","Seasonally adjusted","Persons","249","thousands","3","v2063378","4.3.1.1.1.1","462.7","","","","1"
"2021-02","Nova Scotia","2016A000212","Employment","Both sexes","15 years and over","Estimate","Seasonally adjusted","Persons","249","thousands","3","v2063378","4.3.1.1.1.1","465.2","","","","1"
"2021-03","Nova Scotia","2016A000212","Employment","Both sexes","15 years and over","Estimate","Seasonally adjusted","Persons","249","thousands","3","v2063378","4.3.1.1.1.1","466.8","","","","1"
"2021-04","Nova Scotia","2016A000212","Employment","Both sexes","15 years and over","Estimate","Seasonally adjusted","Persons","249","thousands","3","v2063378","4.3.1.1.1.1","465.9","","","","1"
"2021-05","Nova Scotia","2016A000212","Employment","Both sexes","15 years and over","Estimate","Seasonally adjusted","Persons","249","thousands","3","v2063378","4.3.1.1.1.1","443.7","","","","1"
"2021-06","Nova Scotia","2016A000212","Employment","Both sexes","15 years and over","Estimate","Seasonally adjusted","Persons","249","thousands","3","v2063378","4.3.1.1.1.1","457.5","","","","1"
"2021-07","Nova Scotia","2016A000212","Employment","Both sexes","15 years and over","Estimate","Seasonally adjusted","Persons","249","thousands","3","v2063378","4.3.1.1.1.1","461.2","","","","1"
"2021-08","Nova Scotia","2016A000212","Employment","Both sexes","15 years and over","Estimate","Seasonally adjusted","Persons","249","thousands","3","v2063378","4.3.1.1.1.1","465.1","","","","1"
"2021-09","Nova Scotia","2016A000212","Employment","Both sexes","15 years and over","Estimate","Seasonally adjusted","Persons","249","thousands","3","v2063378","4.3.1.1.1.1","466.5","","","","1"
"2021-10","Nova Scotia","2016A000212","Employment","Both sexes","15 years and over","Estimate","Seasonally adjusted","Persons","249","thousands","3","v2063378","4.3.1.1.1.1","466.7","","","","1"
"2021-11","Nova Scotia","2016A000212","Employment","Both sexes","15 years and over","Estimate","Seasonally adjusted","Persons","249","thousands","3","v2063378","4.3.1.1.1.1","470.4","","","","1"
"2020-01","Nova Scotia","2016A000212","Employment","Both sexes","15 years and over","Estimate","Trend-cycle","Persons","249","thousands","3","v123339360","4.3.1.1.1.3","455.6","","","","1"
"2020-02","Nova Scotia","2016A000212","Employment","Both sexes","15 years and over","Estimate","Trend-cycle","Persons","249","thousands","3","v123339360","4.3.1.1.1.3","446.0","","","","1"
"2020-03","Nova Scotia","2016A000212","Employment","Both sexes","15 years and over","Estimate","Trend-cycle","Persons","249","thousands","3","v123339360","4.3.1.1.1.3","434.3","","","","1"
"2020-04","Nova Scotia","2016A000212","Employment","Both sexes","15 years and over","Estimate","Trend-cycle","Persons","249","thousands","3","v123339360","4.3.1.1.1.3","424.4","","","","1"
"2020-05","Nova Scotia","2016A000212","Employment","Both sexes","15 years and over","Estimate","Trend-cycle","Persons","249","thousands","3","v123339360","4.3.1.1.1.3","419.8","","","","1"
"2020-06","Nova Scotia","2016A000212","Employment","Both sexes","15 years and over","Estimate","Trend-cycle","Persons","249","thousands","3","v123339360","4.3.1.1.1.3","421.7","","","","1"
"2020-07","Nova Scotia","2016A000212","Employment","Both sexes","15 years and over","Estimate","Trend-cycle","Persons","249","thousands","3","v123339360","4.3.1.1.1.3","427.7","","","","1"
"2020-08","Nova Scotia","2016A000212","Employment","Both sexes","15 years and over","Estimate","Trend-cycle","Persons","249","thousands","3","v123339360","4.3.1.1.1.3","435.5","","","","1"
"2020-09","Nova Scotia","2016A000212","Employment","Both sexes","15 years and over","Estimate","Trend-cycle","Persons","249","thousands","3","v123339360","4.3.1.1.1.3","444.5","","","","1"
"2020-10","Nova Scotia","2016A000212","Employment","Both sexes","15 years and over","Estimate","Trend-cycle","Persons","249","thousands","3","v123339360","4.3.1.1.1.3","452.1","","","","1"
"2020-11","Nova Scotia","2016A000212","Employment","Both sexes","15 years and over","Estimate","Trend-cycle","Persons","249","thousands","3","v123339360","4.3.1.1.1.3","457.2","","","","1"
"2020-12","Nova Scotia","2016A000212","Employment","Both sexes","15 years and over","Estimate","Trend-cycle","Persons","249","thousands","3","v123339360","4.3.1.1.1.3","459.8","","","","1"
"2021-01","Nova Scotia","2016A000212","Employment","Both sexes","15 years and over","Estimate","Trend-cycle","Persons","249","thousands","3","v123339360","4.3.1.1.1.3","461.8","","","","1"
"2021-02","Nova Scotia","2016A000212","Employment","Both sexes","15 years and over","Estimate","Trend-cycle","Persons","249","thousands","3","v123339360","4.3.1.1.1.3","462.4","","","","1"
"2021-03","Nova Scotia","2016A000212","Employment","Both sexes","15 years and over","Estimate","Trend-cycle","Persons","249","thousands","3","v123339360","4.3.1.1.1.3","461.5","","","","1"
"2021-04","Nova Scotia","2016A000212","Employment","Both sexes","15 years and over","Estimate","Trend-cycle","Persons","249","thousands","3","v123339360","4.3.1.1.1.3","460.1","","","","1"
"2021-05","Nova Scotia","2016A000212","Employment","Both sexes","15 years and over","Estimate","Trend-cycle","Persons","249","thousands","3","v123339360","4.3.1.1.1.3","458.7","","","","1"
"2021-06","Nova Scotia","2016A000212","Employment","Both sexes","15 years and over","Estimate","Trend-cycle","Persons","249","thousands","3","v123339360","4.3.1.1.1.3","459.4","","","","1"
"2021-07","Nova Scotia","2016A000212","Employment","Both sexes","15 years and over","Estimate","Trend-cycle","Persons","249","thousands","3","v123339360","4.3.1.1.1.3","460.7","","","","1"
"2021-08","Nova Scotia","2016A000212","Employment","Both sexes","15 years and over","Estimate","Trend-cycle","Persons","249","thousands","3","v123339360","4.3.1.1.1.3","462.8","","","","1"
"2021-09","Nova Scotia","2016A000212","Employment","Both sexes","15 years and over","Estimate","Trend-cycle","Persons","249","thousands","3","v123339360","4.3.1.1.1.3","464.7","","","","1"
"2021-10","Nova Scotia","2016A000212","Employment","Both sexes","15 years and over","Estimate","Trend-cycle","Persons","249","thousands","3","v123339360","4.3.1.1.1.3","466.7","","","","1"
"2021-11","Nova Scotia","2016A000212","Employment","Both sexes","15 years and over","Estimate","Trend-cycle","Persons","249","thousands","3","v123339360","4.3.1.1.1.3","468.7","","","","1"
"2020-01","Nova Scotia","2016A000212","Full-time employment","Both sexes","15 years and over","Estimate","Seasonally adjusted","Persons","249","thousands","3","v2063379","4.4.1.1.1.1","378.4","","","","1"
"2020-02","Nova Scotia","2016A000212","Full-time employment","Both sexes","15 years and over","Estimate","Seasonally adjusted","Persons","249","thousands","3","v2063379","4.4.1.1.1.1","376.1","","","","1"
"2020-03","Nova Scotia","2016A000212","Full-time employment","Both sexes","15 years and over","Estimate","Seasonally adjusted","Persons","249","thousands","3","v2063379","4.4.1.1.1.1","367.9","","","","1"
"2020-04","Nova Scotia","2016A000212","Full-time employment","Both sexes","15 years and over","Estimate","Seasonally adjusted","Persons","249","thousands","3","v2063379","4.4.1.1.1.1","330.9","","","","1"
"2020-05","Nova Scotia","2016A000212","Full-time employment","Both sexes","15 years and over","Estimate","Seasonally adjusted","Persons","249","thousands","3","v2063379","4.4.1.1.1.1","332.6","","","","1"
"2020-06","Nova Scotia","2016A000212","Full-time employment","Both sexes","15 years and over","Estimate","Seasonally adjusted","Persons","249","thousands","3","v2063379","4.4.1.1.1.1","353.5","","","","1"
"2020-07","Nova Scotia","2016A000212","Full-time employment","Both sexes","15 years and over","Estimate","Seasonally adjusted","Persons","249","thousands","3","v2063379","4.4.1.1.1.1","353.5","","","","1"
"2020-08","Nova Scotia","2016A000212","Full-time employment","Both sexes","15 years and over","Estimate","Seasonally adjusted","Persons","249","thousands","3","v2063379","4.4.1.1.1.1","350.3","","","","1"
"2020-09","Nova Scotia","2016A000212","Full-time employment","Both sexes","15 years and over","Estimate","Seasonally adjusted","Persons","249","thousands","3","v2063379","4.4.1.1.1.1","356.3","","","","1"
"2020-10","Nova Scotia","2016A000212","Full-time employment","Both sexes","15 years and over","Estimate","Seasonally adjusted","Persons","249","thousands","3","v2063379","4.4.1.1.1.1","367.5","","","","1"
"2020-11","Nova Scotia","2016A000212","Full-time employment","Both sexes","15 years and over","Estimate","Seasonally adjusted","Persons","249","thousands","3","v2063379","4.4.1.1.1.1","377.2","","","","1"
"2020-12","Nova Scotia","2016A000212","Full-time employment","Both sexes","15 years and over","Estimate","Seasonally adjusted","Persons","249","thousands","3","v2063379","4.4.1.1.1.1","377.4","","","","1"
"2021-01","Nova Scotia","2016A000212","Full-time employment","Both sexes","15 years and over","Estimate","Seasonally adjusted","Persons","249","thousands","3","v2063379","4.4.1.1.1.1","381.1","","","","1"
"2021-02","Nova Scotia","2016A000212","Full-time employment","Both sexes","15 years and over","Estimate","Seasonally adjusted","Persons","249","thousands","3","v2063379","4.4.1.1.1.1","379.9","","","","1"
"2021-03","Nova Scotia","2016A000212","Full-time employment","Both sexes","15 years and over","Estimate","Seasonally adjusted","Persons","249","thousands","3","v2063379","4.4.1.1.1.1","382.1","","","","1"
"2021-04","Nova Scotia","2016A000212","Full-time employment","Both sexes","15 years and over","Estimate","Seasonally adjusted","Persons","249","thousands","3","v2063379","4.4.1.1.1.1","379.7","","","","1"
"2021-05","Nova Scotia","2016A000212","Full-time employment","Both sexes","15 years and over","Estimate","Seasonally adjusted","Persons","249","thousands","3","v2063379","4.4.1.1.1.1","367.0","","","","1"
"2021-06","Nova Scotia","2016A000212","Full-time employment","Both sexes","15 years and over","Estimate","Seasonally adjusted","Persons","249","thousands","3","v2063379","4.4.1.1.1.1","367.0","","","","1"
"2021-07","Nova Scotia","2016A000212","Full-time employment","Both sexes","15 years and over","Estimate","Seasonally adjusted","Persons","249","thousands","3","v2063379","4.4.1.1.1.1","372.7","","","","1"
"2021-08","Nova Scotia","2016A000212","Full-time employment","Both sexes","15 years and over","Estimate","Seasonally adjusted","Persons","249","thousands","3","v2063379","4.4.1.1.1.1","371.2","","","","1"
"2021-09","Nova Scotia","2016A000212","Full-time employment","Both sexes","15 years and over","Estimate","Seasonally adjusted","Persons","249","thousands","3","v2063379","4.4.1.1.1.1","372.5","","","","1"
"2021-10","Nova Scotia","2016A000212","Full-time employment","Both sexes","15 years and over","Estimate","Seasonally adjusted","Persons","249","thousands","3","v2063379","4.4.1.1.1.1","374.9","","","","1"
"2021-11","Nova Scotia","2016A000212","Full-time employment","Both sexes","15 years and over","Estimate","Seasonally adjusted","Persons","249","thousands","3","v2063379","4.4.1.1.1.1","382.6","","","","1"
"2020-01","Nova Scotia","2016A000212","Part-time employment ","Both sexes","15 years and over","Estimate","Seasonally adjusted","Persons","249","thousands","3","v2063380","4.5.1.1.1.1","85.6","","","","1"
"2020-02","Nova Scotia","2016A000212","Part-time employment ","Both sexes","15 years and over","Estimate","Seasonally adjusted","Persons","249","thousands","3","v2063380","4.5.1.1.1.1","90.9","","","","1"
"2020-03","Nova Scotia","2016A000212","Part-time employment ","Both sexes","15 years and over","Estimate","Seasonally adjusted","Persons","249","thousands","3","v2063380","4.5.1.1.1.1","72.9","","","","1"
"2020-04","Nova Scotia","2016A000212","Part-time employment ","Both sexes","15 years and over","Estimate","Seasonally adjusted","Persons","249","thousands","3","v2063380","4.5.1.1.1.1","61.2","","","","1"
"2020-05","Nova Scotia","2016A000212","Part-time employment ","Both sexes","15 years and over","Estimate","Seasonally adjusted","Persons","249","thousands","3","v2063380","4.5.1.1.1.1","67.7","","","","1"
"2020-06","Nova Scotia","2016A000212","Part-time employment ","Both sexes","15 years and over","Estimate","Seasonally adjusted","Persons","249","thousands","3","v2063380","4.5.1.1.1.1","73.4","","","","1"
"2020-07","Nova Scotia","2016A000212","Part-time employment ","Both sexes","15 years and over","Estimate","Seasonally adjusted","Persons","249","thousands","3","v2063380","4.5.1.1.1.1","78.5","","","","1"
"2020-08","Nova Scotia","2016A000212","Part-time employment ","Both sexes","15 years and over","Estimate","Seasonally adjusted","Persons","249","thousands","3","v2063380","4.5.1.1.1.1","87.4","","","","1"
"2020-09","Nova Scotia","2016A000212","Part-time employment ","Both sexes","15 years and over","Estimate","Seasonally adjusted","Persons","249","thousands","3","v2063380","4.5.1.1.1.1","91.6","","","","1"
"2020-10","Nova Scotia","2016A000212","Part-time employment ","Both sexes","15 years and over","Estimate","Seasonally adjusted","Persons","249","thousands","3","v2063380","4.5.1.1.1.1","84.0","","","","1"
"2020-11","Nova Scotia","2016A000212","Part-time employment ","Both sexes","15 years and over","Estimate","Seasonally adjusted","Persons","249","thousands","3","v2063380","4.5.1.1.1.1","85.5","","","","1"
"2020-12","Nova Scotia","2016A000212","Part-time employment ","Both sexes","15 years and over","Estimate","Seasonally adjusted","Persons","249","thousands","3","v2063380","4.5.1.1.1.1","77.5","","","","1"
"2021-01","Nova Scotia","2016A000212","Part-time employment ","Both sexes","15 years and over","Estimate","Seasonally adjusted","Persons","249","thousands","3","v2063380","4.5.1.1.1.1","81.7","","","","1"
"2021-02","Nova Scotia","2016A000212","Part-time employment ","Both sexes","15 years and over","Estimate","Seasonally adjusted","Persons","249","thousands","3","v2063380","4.5.1.1.1.1","85.3","","","","1"
"2021-03","Nova Scotia","2016A000212","Part-time employment ","Both sexes","15 years and over","Estimate","Seasonally adjusted","Persons","249","thousands","3","v2063380","4.5.1.1.1.1","84.6","","","","1"
"2021-04","Nova Scotia","2016A000212","Part-time employment ","Both sexes","15 years and over","Estimate","Seasonally adjusted","Persons","249","thousands","3","v2063380","4.5.1.1.1.1","86.3","","","","1"
"2021-05","Nova Scotia","2016A000212","Part-time employment ","Both sexes","15 years and over","Estimate","Seasonally adjusted","Persons","249","thousands","3","v2063380","4.5.1.1.1.1","76.7","","","","1"
"2021-06","Nova Scotia","2016A000212","Part-time employment ","Both sexes","15 years and over","Estimate","Seasonally adjusted","Persons","249","thousands","3","v2063380","4.5.1.1.1.1","90.6","","","","1"
"2021-07","Nova Scotia","2016A000212","Part-time employment ","Both sexes","15 years and over","Estimate","Seasonally adjusted","Persons","249","thousands","3","v2063380","4.5.1.1.1.1","88.5","","","","1"
"2021-08","Nova Scotia","2016A000212","Part-time employment ","Both sexes","15 years and over","Estimate","Seasonally adjusted","Persons","249","thousands","3","v2063380","4.5.1.1.1.1","93.8","","","","1"
"2021-09","Nova Scotia","2016A000212","Part-time employment ","Both sexes","15 years and over","Estimate","Seasonally adjusted","Persons","249","thousands","3","v2063380","4.5.1.1.1.1","94.0","","","","1"
"2021-10","Nova Scotia","2016A000212","Part-time employment ","Both sexes","15 years and over","Estimate","Seasonally adjusted","Persons","249","thousands","3","v2063380","4.5.1.1.1.1","91.8","","","","1"
"2021-11","Nova Scotia","2016A000212","Part-time employment ","Both sexes","15 years and over","Estimate","Seasonally adjusted","Persons","249","thousands","3","v2063380","4.5.1.1.1.1","87.8","","","","1"
"2020-01","Nova Scotia","2016A000212","Unemployment","Both sexes","15 years and over","Estimate","Seasonally adjusted","Persons","249","thousands","3","v2063381","4.6.1.1.1.1","38.1","","","","1"
"2020-02","Nova Scotia","2016A000212","Unemployment","Both sexes","15 years and over","Estimate","Seasonally adjusted","Persons","249","thousands","3","v2063381","4.6.1.1.1.1","40.6","","","","1"
"2020-03","Nova Scotia","2016A000212","Unemployment","Both sexes","15 years and over","Estimate","Seasonally adjusted","Persons","249","thousands","3","v2063381","4.6.1.1.1.1","45.8","","","","1"
"2020-04","Nova Scotia","2016A000212","Unemployment","Both sexes","15 years and over","Estimate","Seasonally adjusted","Persons","249","thousands","3","v2063381","4.6.1.1.1.1","55.1","","","","1"
"2020-05","Nova Scotia","2016A000212","Unemployment","Both sexes","15 years and over","Estimate","Seasonally adjusted","Persons","249","thousands","3","v2063381","4.6.1.1.1.1","62.4","","","","1"
"2020-06","Nova Scotia","2016A000212","Unemployment","Both sexes","15 years and over","Estimate","Seasonally adjusted","Persons","249","thousands","3","v2063381","4.6.1.1.1.1","65.7","","","","1"
"2020-07","Nova Scotia","2016A000212","Unemployment","Both sexes","15 years and over","Estimate","Seasonally adjusted","Persons","249","thousands","3","v2063381","4.6.1.1.1.1","52.5","","","","1"
"2020-08","Nova Scotia","2016A000212","Unemployment","Both sexes","15 years and over","Estimate","Seasonally adjusted","Persons","249","thousands","3","v2063381","4.6.1.1.1.1","50.3","","","","1"
"2020-09","Nova Scotia","2016A000212","Unemployment","Both sexes","15 years and over","Estimate","Seasonally adjusted","Persons","249","thousands","3","v2063381","4.6.1.1.1.1","39.6","","","","1"
"2020-10","Nova Scotia","2016A000212","Unemployment","Both sexes","15 years and over","Estimate","Seasonally adjusted","Persons","249","thousands","3","v2063381","4.6.1.1.1.1","44.7","","","","1"
"2020-11","Nova Scotia","2016A000212","Unemployment","Both sexes","15 years and over","Estimate","Seasonally adjusted","Persons","249","thousands","3","v2063381","4.6.1.1.1.1","33.1","","","","1"
"2020-12","Nova Scotia","2016A000212","Unemployment","Both sexes","15 years and over","Estimate","Seasonally adjusted","Persons","249","thousands","3","v2063381","4.6.1.1.1.1","43.8","","","","1"
"2021-01","Nova Scotia","2016A000212","Unemployment","Both sexes","15 years and over","Estimate","Seasonally adjusted","Persons","249","thousands","3","v2063381","4.6.1.1.1.1","42.1","","","","1"
"2021-02","Nova Scotia","2016A000212","Unemployment","Both sexes","15 years and over","Estimate","Seasonally adjusted","Persons","249","thousands","3","v2063381","4.6.1.1.1.1","41.0","","","","1"
"2021-03","Nova Scotia","2016A000212","Unemployment","Both sexes","15 years and over","Estimate","Seasonally adjusted","Persons","249","thousands","3","v2063381","4.6.1.1.1.1","43.9","","","","1"
"2021-04","Nova Scotia","2016A000212","Unemployment","Both sexes","15 years and over","Estimate","Seasonally adjusted","Persons","249","thousands","3","v2063381","4.6.1.1.1.1","41.2","","","","1"
"2021-05","Nova Scotia","2016A000212","Unemployment","Both sexes","15 years and over","Estimate","Seasonally adjusted","Persons","249","thousands","3","v2063381","4.6.1.1.1.1","48.4","","","","1"
"2021-06","Nova Scotia","2016A000212","Unemployment","Both sexes","15 years and over","Estimate","Seasonally adjusted","Persons","249","thousands","3","v2063381","4.6.1.1.1.1","45.3","","","","1"
"2021-07","Nova Scotia","2016A000212","Unemployment","Both sexes","15 years and over","Estimate","Seasonally adjusted","Persons","249","thousands","3","v2063381","4.6.1.1.1.1","42.1","","","","1"
"2021-08","Nova Scotia","2016A000212","Unemployment","Both sexes","15 years and over","Estimate","Seasonally adjusted","Persons","249","thousands","3","v2063381","4.6.1.1.1.1","39.5","","","","1"
"2021-09","Nova Scotia","2016A000212","Unemployment","Both sexes","15 years and over","Estimate","Seasonally adjusted","Persons","249","thousands","3","v2063381","4.6.1.1.1.1","40.7","","","","1"
"2021-10","Nova Scotia","2016A000212","Unemployment","Both sexes","15 years and over","Estimate","Seasonally adjusted","Persons","249","thousands","3","v2063381","4.6.1.1.1.1","42.1","","","","1"
"2021-11","Nova Scotia","2016A000212","Unemployment","Both sexes","15 years and over","Estimate","Seasonally adjusted","Persons","249","thousands","3","v2063381","4.6.1.1.1.1","41.6","","","","1"
"2020-01","Nova Scotia","2016A000212","Unemployment rate","Both sexes","15 years and over","Estimate","Seasonally adjusted","Percentage","242","units","0","v2063382","4.7.1.1.1.1","7.6","","","","1"
"2020-02","Nova Scotia","2016A000212","Unemployment rate","Both sexes","15 years and over","Estimate","Seasonally adjusted","Percentage","242","units","0","v2063382","4.7.1.1.1.1","8.0","","","","1"
"2020-03","Nova Scotia","2016A000212","Unemployment rate","Both sexes","15 years and over","Estimate","Seasonally adjusted","Percentage","242","units","0","v2063382","4.7.1.1.1.1","9.4","","","","1"
"2020-04","Nova Scotia","2016A000212","Unemployment rate","Both sexes","15 years and over","Estimate","Seasonally adjusted","Percentage","242","units","0","v2063382","4.7.1.1.1.1","12.3","","","","1"
"2020-05","Nova Scotia","2016A000212","Unemployment rate","Both sexes","15 years and over","Estimate","Seasonally adjusted","Percentage","242","units","0","v2063382","4.7.1.1.1.1","13.5","","","","1"
"2020-06","Nova Scotia","2016A000212","Unemployment rate","Both sexes","15 years and over","Estimate","Seasonally adjusted","Percentage","242","units","0","v2063382","4.7.1.1.1.1","13.3","","","","1"
"2020-07","Nova Scotia","2016A000212","Unemployment rate","Both sexes","15 years and over","Estimate","Seasonally adjusted","Percentage","242","units","0","v2063382","4.7.1.1.1.1","10.8","","","","1"
"2020-08","Nova Scotia","2016A000212","Unemployment rate","Both sexes","15 years and over","Estimate","Seasonally adjusted","Percentage","242","units","0","v2063382","4.7.1.1.1.1","10.3","","","","1"
"2020-09","Nova Scotia","2016A000212","Unemployment rate","Both sexes","15 years and over","Estimate","Seasonally adjusted","Percentage","242","units","0","v2063382","4.7.1.1.1.1","8.1","","","","1"
"2020-10","Nova Scotia","2016A000212","Unemployment rate","Both sexes","15 years and over","Estimate","Seasonally adjusted","Percentage","242","units","0","v2063382","4.7.1.1.1.1","9.0","","","","1"
"2020-11","Nova Scotia","2016A000212","Unemployment rate","Both sexes","15 years and over","Estimate","Seasonally adjusted","Percentage","242","units","0","v2063382","4.7.1.1.1.1","6.7","","","","1"
"2020-12","Nova Scotia","2016A000212","Unemployment rate","Both sexes","15 years and over","Estimate","Seasonally adjusted","Percentage","242","units","0","v2063382","4.7.1.1.1.1","8.8","","","","1"
"2021-01","Nova Scotia","2016A000212","Unemployment rate","Both sexes","15 years and over","Estimate","Seasonally adjusted","Percentage","242","units","0","v2063382","4.7.1.1.1.1","8.3","","","","1"
"2021-02","Nova Scotia","2016A000212","Unemployment rate","Both sexes","15 years and over","Estimate","Seasonally adjusted","Percentage","242","units","0","v2063382","4.7.1.1.1.1","8.1","","","","1"
"2021-03","Nova Scotia","2016A000212","Unemployment rate","Both sexes","15 years and over","Estimate","Seasonally adjusted","Percentage","242","units","0","v2063382","4.7.1.1.1.1","8.6","","","","1"
"2021-04","Nova Scotia","2016A000212","Unemployment rate","Both sexes","15 years and over","Estimate","Seasonally adjusted","Percentage","242","units","0","v2063382","4.7.1.1.1.1","8.1","","","","1"
"2021-05","Nova Scotia","2016A000212","Unemployment rate","Both sexes","15 years and over","Estimate","Seasonally adjusted","Percentage","242","units","0","v2063382","4.7.1.1.1.1","9.8","","","","1"
"2021-06","Nova Scotia","2016A000212","Unemployment rate","Both sexes","15 years and over","Estimate","Seasonally adjusted","Percentage","242","units","0","v2063382","4.7.1.1.1.1","9.0","","","","1"
"2021-07","Nova Scotia","2016A000212","Unemployment rate","Both sexes","15 years and over","Estimate","Seasonally adjusted","Percentage","242","units","0","v2063382","4.7.1.1.1.1","8.4","","","","1"
"2021-08","Nova Scotia","2016A000212","Unemployment rate","Both sexes","15 years and over","Estimate","Seasonally adjusted","Percentage","242","units","0","v2063382","4.7.1.1.1.1","7.8","","","","1"
"2021-09","Nova Scotia","2016A000212","Unemployment rate","Both sexes","15 years and over","Estimate","Seasonally adjusted","Percentage","242","units","0","v2063382","4.7.1.1.1.1","8.0","","","","1"
"2021-10","Nova Scotia","2016A000212","Unemployment rate","Both sexes","15 years and over","Estimate","Seasonally adjusted","Percentage","242","units","0","v2063382","4.7.1.1.1.1","8.3","","","","1"
"2021-11","Nova Scotia","2016A000212","Unemployment rate","Both sexes","15 years and over","Estimate","Seasonally adjusted","Percentage","242","units","0","v2063382","4.7.1.1.1.1","8.1","","","","1"
"2020-01","Nova Scotia","2016A000212","Participation rate","Both sexes","15 years and over","Estimate","Seasonally adjusted","Percentage","242","units","0","v2063383","4.8.1.1.1.1","61.9","","","","1"
"2020-02","Nova Scotia","2016A000212","Participation rate","Both sexes","15 years and over","Estimate","Seasonally adjusted","Percentage","242","units","0","v2063383","4.8.1.1.1.1","62.5","","","","1"
"2020-03","Nova Scotia","2016A000212","Participation rate","Both sexes","15 years and over","Estimate","Seasonally adjusted","Percentage","242","units","0","v2063383","4.8.1.1.1.1","59.9","","","","1"
"2020-04","Nova Scotia","2016A000212","Participation rate","Both sexes","15 years and over","Estimate","Seasonally adjusted","Percentage","242","units","0","v2063383","4.8.1.1.1.1","55.0","","","","1"
"2020-05","Nova Scotia","2016A000212","Participation rate","Both sexes","15 years and over","Estimate","Seasonally adjusted","Percentage","242","units","0","v2063383","4.8.1.1.1.1","57.0","","","","1"
"2020-06","Nova Scotia","2016A000212","Participation rate","Both sexes","15 years and over","Estimate","Seasonally adjusted","Percentage","242","units","0","v2063383","4.8.1.1.1.1","60.5","","","","1"
"2020-07","Nova Scotia","2016A000212","Participation rate","Both sexes","15 years and over","Estimate","Seasonally adjusted","Percentage","242","units","0","v2063383","4.8.1.1.1.1","59.5","","","","1"
"2020-08","Nova Scotia","2016A000212","Participation rate","Both sexes","15 years and over","Estimate","Seasonally adjusted","Percentage","242","units","0","v2063383","4.8.1.1.1.1","59.9","","","","1"
"2020-09","Nova Scotia","2016A000212","Participation rate","Both sexes","15 years and over","Estimate","Seasonally adjusted","Percentage","242","units","0","v2063383","4.8.1.1.1.1","59.7","","","","1"
"2020-10","Nova Scotia","2016A000212","Participation rate","Both sexes","15 years and over","Estimate","Seasonally adjusted","Percentage","242","units","0","v2063383","4.8.1.1.1.1","60.8","","","","1"
"2020-11","Nova Scotia","2016A000212","Participation rate","Both sexes","15 years and over","Estimate","Seasonally adjusted","Percentage","242","units","0","v2063383","4.8.1.1.1.1","60.7","","","","1"
"2020-12","Nova Scotia","2016A000212","Participation rate","Both sexes","15 years and over","Estimate","Seasonally adjusted","Percentage","242","units","0","v2063383","4.8.1.1.1.1","61.0","","","","1"
"2021-01","Nova Scotia","2016A000212","Participation rate","Both sexes","15 years and over","Estimate","Seasonally adjusted","Percentage","242","units","0","v2063383","4.8.1.1.1.1","61.8","","","","1"
"2021-02","Nova Scotia","2016A000212","Participation rate","Both sexes","15 years and over","Estimate","Seasonally adjusted","Percentage","242","units","0","v2063383","4.8.1.1.1.1","61.9","","","","1"
"2021-03","Nova Scotia","2016A000212","Participation rate","Both sexes","15 years and over","Estimate","Seasonally adjusted","Percentage","242","units","0","v2063383","4.8.1.1.1.1","62.5","","","","1"
"2021-04","Nova Scotia","2016A000212","Participation rate","Both sexes","15 years and over","Estimate","Seasonally adjusted","Percentage","242","units","0","v2063383","4.8.1.1.1.1","62.0","","","","1"
"2021-05","Nova Scotia","2016A000212","Participation rate","Both sexes","15 years and over","Estimate","Seasonally adjusted","Percentage","242","units","0","v2063383","4.8.1.1.1.1","60.1","","","","1"
"2021-06","Nova Scotia","2016A000212","Participation rate","Both sexes","15 years and over","Estimate","Seasonally adjusted","Percentage","242","units","0","v2063383","4.8.1.1.1.1","61.3","","","","1"
"2021-07","Nova Scotia","2016A000212","Participation rate","Both sexes","15 years and over","Estimate","Seasonally adjusted","Percentage","242","units","0","v2063383","4.8.1.1.1.1","61.3","","","","1"
"2021-08","Nova Scotia","2016A000212","Participation rate","Both sexes","15 years and over","Estimate","Seasonally adjusted","Percentage","242","units","0","v2063383","4.8.1.1.1.1","61.4","","","","1"
"2021-09","Nova Scotia","2016A000212","Participation rate","Both sexes","15 years and over","Estimate","Seasonally adjusted","Percentage","242","units","0","v2063383","4.8.1.1.1.1","61.6","","","","1"
"2021-10","Nova Scotia","2016A000212","Participation rate","Both sexes","15 years and over","Estimate","Seasonally adjusted","Percentage","242","units","0","v2063383","4.8.1.1.1.1","61.7","","","","1"
"2021-11","Nova Scotia","2016A000212","Participation rate","Both sexes","15 years and over","Estimate","Seasonally adjusted","Percentage","242","units","0","v2063383","4.8.1.1.1.1","62.0","","","","1"
"2020-01","Nova Scotia","2016A000212","Employment rate","Both sexes","15 years and over","Estimate","Seasonally adjusted","Percentage","242","units","0","v2063384","4.9.1.1.1.1","57.2","","","","1"
"2020-02","Nova Scotia","2016A000212","Employment rate","Both sexes","15 years and over","Estimate","Seasonally adjusted","Percentage","242","units","0","v2063384","4.9.1.1.1.1","57.5","","","","1"
"2020-03","Nova Scotia","2016A000212","Employment rate","Both sexes","15 years and over","Estimate","Seasonally adjusted","Percentage","242","units","0","v2063384","4.9.1.1.1.1","54.3","","","","1"
"2020-04","Nova Scotia","2016A000212","Employment rate","Both sexes","15 years and over","Estimate","Seasonally adjusted","Percentage","242","units","0","v2063384","4.9.1.1.1.1","48.3","","","","1"
"2020-05","Nova Scotia","2016A000212","Employment rate","Both sexes","15 years and over","Estimate","Seasonally adjusted","Percentage","242","units","0","v2063384","4.9.1.1.1.1","49.3","","","","1"
"2020-06","Nova Scotia","2016A000212","Employment rate","Both sexes","15 years and over","Estimate","Seasonally adjusted","Percentage","242","units","0","v2063384","4.9.1.1.1.1","52.5","","","","1"
"2020-07","Nova Scotia","2016A000212","Employment rate","Both sexes","15 years and over","Estimate","Seasonally adjusted","Percentage","242","units","0","v2063384","4.9.1.1.1.1","53.1","","","","1"
"2020-08","Nova Scotia","2016A000212","Employment rate","Both sexes","15 years and over","Estimate","Seasonally adjusted","Percentage","242","units","0","v2063384","4.9.1.1.1.1","53.7","","","","1"
"2020-09","Nova Scotia","2016A000212","Employment rate","Both sexes","15 years and over","Estimate","Seasonally adjusted","Percentage","242","units","0","v2063384","4.9.1.1.1.1","54.9","","","","1"
"2020-10","Nova Scotia","2016A000212","Employment rate","Both sexes","15 years and over","Estimate","Seasonally adjusted","Percentage","242","units","0","v2063384","4.9.1.1.1.1","55.3","","","","1"
"2020-11","Nova Scotia","2016A000212","Employment rate","Both sexes","15 years and over","Estimate","Seasonally adjusted","Percentage","242","units","0","v2063384","4.9.1.1.1.1","56.6","","","","1"
"2020-12","Nova Scotia","2016A000212","Employment rate","Both sexes","15 years and over","Estimate","Seasonally adjusted","Percentage","242","units","0","v2063384","4.9.1.1.1.1","55.7","","","","1"
"2021-01","Nova Scotia","2016A000212","Employment rate","Both sexes","15 years and over","Estimate","Seasonally adjusted","Percentage","242","units","0","v2063384","4.9.1.1.1.1","56.6","","","","1"
"2021-02","Nova Scotia","2016A000212","Employment rate","Both sexes","15 years and over","Estimate","Seasonally adjusted","Percentage","242","units","0","v2063384","4.9.1.1.1.1","56.9","","","","1"
"2021-03","Nova Scotia","2016A000212","Employment rate","Both sexes","15 years and over","Estimate","Seasonally adjusted","Percentage","242","units","0","v2063384","4.9.1.1.1.1","57.1","","","","1"
"2021-04","Nova Scotia","2016A000212","Employment rate","Both sexes","15 years and over","Estimate","Seasonally adjusted","Percentage","242","units","0","v2063384","4.9.1.1.1.1","57.0","","","","1"
"2021-05","Nova Scotia","2016A000212","Employment rate","Both sexes","15 years and over","Estimate","Seasonally adjusted","Percentage","242","units","0","v2063384","4.9.1.1.1.1","54.2","","","","1"
"2021-06","Nova Scotia","2016A000212","Employment rate","Both sexes","15 years and over","Estimate","Seasonally adjusted","Percentage","242","units","0","v2063384","4.9.1.1.1.1","55.8","","","","1"
"2021-07","Nova Scotia","2016A000212","Employment rate","Both sexes","15 years and over","Estimate","Seasonally adjusted","Percentage","242","units","0","v2063384","4.9.1.1.1.1","56.2","","","","1"
"2021-08","Nova Scotia","2016A000212","Employment rate","Both sexes","15 years and over","Estimate","Seasonally adjusted","Percentage","242","units","0","v2063384","4.9.1.1.1.1","56.6","","","","1"
"2021-09","Nova Scotia","2016A000212","Employment rate","Both sexes","15 years and over","Estimate","Seasonally adjusted","Percentage","242","units","0","v2063384","4.9.1.1.1.1","56.6","","","","1"
"2021-10","Nova Scotia","2016A000212","Employment rate","Both sexes","15 years and over","Estimate","Seasonally adjusted","Percentage","242","units","0","v2063384","4.9.1.1.1.1","56.5","","","","1"
"2021-11","Nova Scotia","2016A000212","Employment rate","Both sexes","15 years and over","Estimate","Seasonally adjusted","Percentage","242","units","0","v2063384","4.9.1.1.1.1","56.9","","","","1"


